"","","","Batting","","","","","","","","","","","","","","","","","","","","","","","","","","","","","","","","","","","","","","","","","","","","","","","","","","","Pitching","","","","","","","","","","","","","","","","","","","","","","","","","","","","","","","","","","","","","","","","","","","","","","","","","","","","","","","","","","","","","","","","","","","","","","","","","","","","","","","","","","","","","","","","","","","","","","Fielding","","","","","","","","","","","","","",""
"Number","Last","First","GP","PA","AB","AVG","OBP","OPS","SLG","H","1B","2B","3B","HR","RBI","R","BB","SO","K-L","HBP","SAC","SF","ROE","FC","SB","SB%","CS","PIK","QAB","QAB%","PA/BB","BB/K","C%","HHB","LD%","FB%","GB%","BABIP","BA/RISP","LOB","2OUTRBI","XBH","TB","PS","PS/PA","2S+3","2S+3%","6+","6+%","AB/HR","GIDP","GITP","CI","IP","GP","GS","BF","#P","W","L","SV","SVO","BS","SV%","H","R","ER","BB","SO","K-L","HBP","ERA","WHIP","LOB","BK","PIK","CS","SB","SB%","WP","BAA","MPHFB","MPHCT","MPHCB","MPHSL","MPHCH","MPHOS","P/IP","P/BF","<3%","LOO","1ST2OUT","123INN","<13","FIP","S%","FPS%","FPSO%","FPSW%","FPSH%","BB/INN","0BBINN","BBS","LOBB","LOBBS","SM%","K/BF","K/BB","WEAK%","HHB%","GO/AO","HR","LD%","FB%","GB%","BABIP","BA/RISP","FB","FBS","FBS%","FBSW%","FBSM%","CT","CTS","CTS%","CTSW%","CTSM%","CB","CBS","CBS%","CBSW%","CBSM%","SL","SLS","SLS%","SLSW%","SLSM%","CH","CHS","CHS%","CHSW%","CHSM%","OS","OSS","OSS%","OSSW%","OSSM%","TC","A","PO","FPCT","E","DP","TP","INN","PB","SB","SB-ATT","CS","CS%","PIK","CI"
"2","Davis","Zane","5","20","20",".200",".200",".400",".200","4","4","0","0","0","2","1","0","3","1","0","0","0","1","1","0","-","0","0","12","60.00","-",".000","85.00","8","17.65","23.53","58.82",".235",".200","15","0","0","4","68","3.400","4","20.00","3","15.00","-","1","0","0","0.0","0","0","0","0","0","0","0","0","0","0.00","0","0","0","0","0","0","0",".000",".000","0","0","0","0","0","0.00","0",".000","N/A","N/A","N/A","N/A","N/A","N/A","0.0",".000","0.00","0","0","0","0",".000","0.00","0.00","0.00","0.00","0.00",".000","0","0","0","0","0.00",".000",".000","0.00","0.00",".000","0","0.00","0.00","0.00",".000",".000","0","0","0.00","0.00","0.00","0","0","0.00","0.00","0.00","0","0","0.00","0.00","0.00","0","0","0.00","0.00","0.00","0","0","0.00","0.00","0.00","0","0","0.00","0.00","0.00","9","5","3",".889","1","1","0","0.0","0","0","0-0","0","-","0","0"
"7","Marino","Case","0","0","0",".000",".000",".000",".000","0","0","0","0","0","0","0","0","0","0","0","0","0","0","0","0","0.00","0","0","0","0.00","0.0",".000","0.00","0","0.00","0.00","0.00",".000",".000","0","0","0","0","0",".000","0","0.00","0","0.00","0.0","0","0","0","3.2","3","0","20","91","0","0","0","0","0","-","1","2","1","8","2","0","0","2.455","2.455","5","0","0","0","5","100.0","1",".083","N/A","N/A","N/A","N/A","N/A","N/A","24.8","4.550","25.00","1","1","0","0","9.042","48.35","55.00","81.82","9.09","9.09","2.182","2","1","2","1","6.59",".100",".250","80.00","20.00",".600","0","20.00","30.00","50.00",".100",".000","0","0","-","-","-","0","0","-","-","-","0","0","-","-","-","0","0","-","-","-","0","0","-","-","-","0","0","-","-","-","3","2","1","1.000","0","0","0","0.0","0","0","0-0","0","-","0","0"
"8","McAllister","John","4","12","9",".222",".417",".639",".222","2","2","0","0","0","1","2","1","3","2","2","0","0","1","0","0","-","0","0","3","25.00","12.0",".333","66.67","0","0.00","50.00","50.00",".333",".143","8","0","0","2","44","3.667","2","16.67","3","25.00","-","0","0","0","0.0","0","0","0","0","0","0","0","0","0","0.00","0","0","0","0","0","0","0",".000",".000","0","0","0","0","0","0.00","0",".000","N/A","N/A","N/A","N/A","N/A","N/A","0.0",".000","0.00","0","0","0","0",".000","0.00","0.00","0.00","0.00","0.00",".000","0","0","0","0","0.00",".000",".000","0.00","0.00",".000","0","0.00","0.00","0.00",".000",".000","0","0","0.00","0.00","0.00","0","0","0.00","0.00","0.00","0","0","0.00","0.00","0.00","0","0","0.00","0.00","0.00","0","0","0.00","0.00","0.00","0","0","0.00","0.00","0.00","4","0","4","1.000","0","0","0","0.0","0","0","0-0","0","-","0","0"
"10","Windsor","Jaden","8","27","23",".304",".407",".712",".304","7","7","0","0","0","3","5","4","6","4","0","0","0","3","0","4","100.0","0","0","12","44.44","6.8",".667","73.91","4","11.76","23.53","64.71",".412",".500","8","2","0","7","105","3.889","3","11.11","4","14.81","-","0","0","0","0.0","0","0","0","0","0","0","0","0","0","0.00","0","0","0","0","0","0","0",".000",".000","0","0","0","0","0","0.00","0",".000","N/A","N/A","N/A","N/A","N/A","N/A","0.0",".000","0.00","0","0","0","0",".000","0.00","0.00","0.00","0.00","0.00",".000","0","0","0","0","0.00",".000",".000","0.00","0.00",".000","0","0.00","0.00","0.00",".000",".000","0","0","0.00","0.00","0.00","0","0","0.00","0.00","0.00","0","0","0.00","0.00","0.00","0","0","0.00","0.00","0.00","0","0","0.00","0.00","0.00","0","0","0.00","0.00","0.00","8","0","7",".875","1","0","0","0.0","0","0","0-0","0","-","0","0"
"11","Helberg","Justin","9","33","31",".419",".455",".938",".484","13","11","2","0","0","3","4","2","3","2","0","0","0","2","1","2","100.0","0","0","15","45.45","16.5",".667","90.32","10","28.57","39.29","32.14",".464",".375","9","0","2","15","100","3.030","2","6.06","4","12.12","-","0","0","0","2.0","2","0","8","28","0","0","0","0","0","-","2","0","0","0","2","1","0",".000","1.000","2","0","0","0","0","-","0",".250","N/A","N/A","N/A","N/A","N/A","N/A","14.0","3.500","50.00","2","1","1","1",".590","67.86","50.00","50.00","0.00","50.00",".000","2","0","0","0","14.29",".250","-","50.00","50.00","2.000","0","33.33","16.67","50.00",".333",".000","0","0","-","-","-","0","0","-","-","-","0","0","-","-","-","0","0","-","-","-","0","0","-","-","-","0","0","-","-","-","39","19","19",".974","1","5","0","0.0","0","0","0-0","0","-","0","0"
"13","Stradtman","Ryan","5","13","13",".000",".000",".000",".000","0","0","0","0","0","0","2","0","6","2","0","0","0","2","1","0","-","0","0","5","38.46","-",".000","53.85","0","0.00","57.14","42.86",".000",".000","10","0","0","0","54","4.154","2","15.38","5","38.46","-","0","0","0","1.0","1","0","4","18","0","0","0","0","0","-","0","0","0","0","2","2","1",".000",".000","1","0","0","0","2","100.0","0",".000","N/A","N/A","N/A","N/A","N/A","N/A","18.0","4.500","50.00","0","0","0","0","1.310","66.67","50.00","100.0","0.00","0.00",".000","1","0","0","0","11.11",".500","-","100.0","0.00",".000","0","0.00","100.0","0.00",".000",".000","0","0","-","-","-","0","0","-","-","-","0","0","-","-","-","0","0","-","-","-","0","0","-","-","-","0","0","-","-","-","6","2","2",".667","2","0","0","0.2","0","0","0-0","0","-","0","0"
"13","Iverson","Braden","7","24","22",".182",".250",".523",".273","4","3","0","1","0","7","1","2","5","1","0","0","0","0","1","1","100.0","0","0","6","25.00","12.0",".400","77.27","2","11.76","29.41","58.82",".235",".300","13","5","1","6","76","3.167","0","0.00","1","4.17","-","1","0","0","0.0","0","0","0","0","0","0","0","0","0","0.00","0","0","0","0","0","0","0",".000",".000","0","0","0","0","0","0.00","0",".000","N/A","N/A","N/A","N/A","N/A","N/A","0.0",".000","0.00","0","0","0","0",".000","0.00","0.00","0.00","0.00","0.00",".000","0","0","0","0","0.00",".000",".000","0.00","0.00",".000","0","0.00","0.00","0.00",".000",".000","0","0","0.00","0.00","0.00","0","0","0.00","0.00","0.00","0","0","0.00","0.00","0.00","0","0","0.00","0.00","0.00","0","0","0.00","0.00","0.00","0","0","0.00","0.00","0.00","22","2","18",".909","2","3","0","0.0","0","0","0-0","0","-","0","0"
"17","Corritore","Nick","8","29","22",".182",".379",".561",".182","4","4","0","0","0","4","5","7","3","2","0","0","0","1","1","2","100.0","0","0","15","51.72","4.1","2.333","86.36","5","26.32","21.05","52.63",".211",".143","13","0","0","4","108","3.724","2","6.90","5","17.24","-","1","0","0","0.0","0","0","0","0","0","0","0","0","0","0.00","0","0","0","0","0","0","0",".000",".000","0","0","0","0","0","0.00","0",".000","N/A","N/A","N/A","N/A","N/A","N/A","0.0",".000","0.00","0","0","0","0",".000","0.00","0.00","0.00","0.00","0.00",".000","0","0","0","0","0.00",".000",".000","0.00","0.00",".000","0","0.00","0.00","0.00",".000",".000","0","0","0.00","0.00","0.00","0","0","0.00","0.00","0.00","0","0","0.00","0.00","0.00","0","0","0.00","0.00","0.00","0","0","0.00","0.00","0.00","0","0","0.00","0.00","0.00","26","2","20",".846","4","3","0","0.0","0","0","0-0","0","-","0","0"
"17","Toulmin","Jake","0","0","0",".000",".000",".000",".000","0","0","0","0","0","0","0","0","0","0","0","0","0","0","0","0","0.00","0","0","0","0.00","0.0",".000","0.00","0","0.00","0.00","0.00",".000",".000","0","0","0","0","0",".000","0","0.00","0","0.00","0.0","0","0","0","12.0","5","2","63","236","0","0","0","0","0","-","13","14","6","11","21","8","3","4.500","2.000","14","0","3","0","8","100.0","2",".277","N/A","N/A","N/A","N/A","N/A","N/A","19.7","3.746","38.10","4","2","0","2","2.518","54.24","50.79","68.75","3.13","25.00",".917","5","3","1","0","11.02",".333","1.909","57.14","42.86",".125","0","28.57","32.14","39.29",".464",".208","0","0","-","-","-","0","0","-","-","-","0","0","-","-","-","0","0","-","-","-","0","0","-","-","-","0","0","-","-","-","4","3","1","1.000","0","0","0","0.0","0","0","0-0","0","-","0","0"
"19","Grafje","Braden","4","10","8",".125",".300",".425",".125","1","1","0","0","0","2","0","2","6","5","0","0","0","0","0","0","-","0","0","4","40.00","5.0",".333","25.00","1","50.00","0.00","50.00",".500",".333","4","0","0","1","43","4.300","1","10.00","2","20.00","-","0","0","0","4.2","4","0","18","81","0","0","0","0","0","-","2","0","0","2","9","4","0",".000",".857","4","0","0","0","4","100.0","0",".125","N/A","N/A","N/A","N/A","N/A","N/A","17.4","4.500","33.33","3","2","2","3","-.406","58.02","27.78","100.0","0.00","0.00",".429","3","0","1","0","14.81",".500","4.500","75.00","25.00","1.500","0","25.00","12.50","57.14",".286",".167","0","0","-","-","-","0","0","-","-","-","0","0","-","-","-","0","0","-","-","-","0","0","-","-","-","0","0","-","-","-","34","0","33",".971","1","0","0","23.2","1","17","17-17","0","0.00","0","0"
"21","Meck","Matthew","0","0","0",".000",".000",".000",".000","0","0","0","0","0","0","0","0","0","0","0","0","0","0","0","0","0.00","0","0","0","0.00","0.0",".000","0.00","0","0.00","0.00","0.00",".000",".000","0","0","0","0","0",".000","0","0.00","0","0.00","0.0","0","0","0","1.0","1","0","6","30","0","0","0","0","0","-","2","1","1","1","3","1","0","9.000","3.000","2","0","0","0","3","100.0","0",".400","N/A","N/A","N/A","N/A","N/A","N/A","30.0","5.000","33.33","1","0","0","0","-1.300","60.00","50.00","66.67","0.00","33.33","1.000","0","0","0","0","23.33",".500","3.000","100.0","0.00","-","0","0.00","100.0","0.00","1.000",".333","0","0","-","-","-","0","0","-","-","-","0","0","-","-","-","0","0","-","-","-","0","0","-","-","-","0","0","-","-","-","0","0","0","-","0","0","0","0.0","0","0","0-0","0","-","0","0"
"22","Foil","Colin","1","0","0","-","-",".000","-","0","0","0","0","0","0","2","0","0","0","0","0","0","0","0","0","-","0","0","0","-","-",".000","-","0","-","-","-","-","-","0","0","0","0","0","-","0","-","0","-","-","0","0","0","3.0","1","1","14","62","0","0","0","0","0","-","4","1","1","0","4","2","0","3.000","1.333","4","0","0","0","1","100.0","1",".286","N/A","N/A","N/A","N/A","N/A","N/A","20.7","4.429","28.57","3","1","1","1","-.280","58.06","78.57","72.73","0.00","27.27",".000","3","0","0","0","6.45",".286","-","80.00","20.00",".250","0","20.00","60.00","20.00",".400",".333","0","0","-","-","-","0","0","-","-","-","0","0","-","-","-","0","0","-","-","-","0","0","-","-","-","0","0","-","-","-","0","0","0","-","0","0","0","0.0","0","0","0-0","0","-","0","0"
"22","Howard","Sam","0","0","0",".000",".000",".000",".000","0","0","0","0","0","0","0","0","0","0","0","0","0","0","0","0","0.00","0","0","0","0.00","0.0",".000","0.00","0","0.00","0.00","0.00",".000",".000","0","0","0","0","0",".000","0","0.00","0","0.00","0.0","0","0","0","11.1","5","3","55","206","0","0","0","0","0","-","14","13","10","6","15","7","1","7.941","1.765","8","0","0","1","3","75.00","2",".298","N/A","N/A","N/A","N/A","N/A","N/A","18.2","3.745","43.64","8","6","3","4","1.802","62.14","54.55","56.67","6.67","33.33",".529","8","4","0","0","11.17",".273","2.500","63.64","36.36","1.833","0","30.30","21.21","46.88",".438",".400","0","0","-","-","-","0","0","-","-","-","0","0","-","-","-","0","0","-","-","-","0","0","-","-","-","0","0","-","-","-","3","1","2","1.000","0","0","0","0.0","0","0","0-0","0","-","0","0"
"25","Flanagan","Nathan","0","0","0",".000",".000",".000",".000","0","0","0","0","0","0","0","0","0","0","0","0","0","0","0","0","0.00","0","0","0","0.00","0.0",".000","0.00","0","0.00","0.00","0.00",".000",".000","0","0","0","0","0",".000","0","0.00","0","0.00","0.0","0","0","0","2.0","1","0","8","36","0","0","0","0","0","-","2","1","0","0","5","1","0",".000","1.000","1","0","0","0","3","100.0","0",".250","N/A","N/A","N/A","N/A","N/A","N/A","18.0","4.500","37.50","2","0","0","0","-3.325","61.11","75.00","66.67","0.00","33.33",".000","2","0","0","0","19.44",".625","-","66.67","33.33",".000","0","33.33","0.00","66.67",".667",".000","0","0","-","-","-","0","0","-","-","-","0","0","-","-","-","0","0","-","-","-","0","0","-","-","-","0","0","-","-","-","0","0","0","-","0","0","0","0.0","0","0","0-0","0","-","0","0"
"29","O'Connor","Ryan","0","0","0",".000",".000",".000",".000","0","0","0","0","0","0","0","0","0","0","0","0","0","0","0","0","0.00","0","0","0","0.00","0.0",".000","0.00","0","0.00","0.00","0.00",".000",".000","0","0","0","0","0",".000","0","0.00","0","0.00","0.0","0","0","0","3.0","3","0","18","72","0","0","0","0","0","-","4","5","1","3","5","0","0","3.000","2.333","4","0","0","0","0","-","5",".267","N/A","N/A","N/A","N/A","N/A","N/A","24.0","4.000","33.33","1","1","0","1","2.180","54.17","38.89","57.14","0.00","28.57","1.000","1","3","1","1","13.89",".278","1.667","60.00","40.00","1.000","0","20.00","30.00","50.00",".400",".333","0","0","-","-","-","0","0","-","-","-","0","0","-","-","-","0","0","-","-","-","0","0","-","-","-","0","0","-","-","-","0","0","0","-","0","0","0","0.0","0","0","0-0","0","-","0","0"
"30","Schrader","Jack","0","0","0",".000",".000",".000",".000","0","0","0","0","0","0","0","0","0","0","0","0","0","0","0","0","0.00","0","0","0","0.00","0.0",".000","0.00","0","0.00","0.00","0.00",".000",".000","0","0","0","0","0",".000","0","0.00","0","0.00","0.0","0","0","0","8.2","3","3","39","144","0","0","0","0","0","-","10","6","6","2","9","5","1","6.231","1.385","7","0","0","0","4","100.0","1",".278","N/A","N/A","N/A","N/A","N/A","N/A","16.6","3.692","48.72","7","5","4","5","1.642","65.28","66.67","80.77","3.85","15.38",".231","6","0","1","0","9.72",".231","4.500","74.07","25.93","1.667","0","11.11","25.93","62.96",".370",".357","0","0","-","-","-","0","0","-","-","-","0","0","-","-","-","0","0","-","-","-","0","0","-","-","-","0","0","-","-","-","1","1","0","1.000","0","0","0","0.0","0","0","0-0","0","-","0","0"
"","","Andrew","0","0","0",".000",".000",".000",".000","0","0","0","0","0","0","0","0","0","0","0","0","0","0","0","0","0.00","0","0","0","0.00","0.0",".000","0.00","0","0.00","0.00","0.00",".000",".000","0","0","0","0","0",".000","0","0.00","0","0.00","0.0","0","0","0","4.1","4","0","22","90","0","0","0","0","0","-","7","1","0","2","5","2","0",".000","2.077","8","0","0","0","2","100.0","1",".350","N/A","N/A","N/A","N/A","N/A","N/A","20.8","4.091","31.82","4","0","0","0","1.725","62.22","59.09","61.54","15.38","23.08",".462","2","0","0","0","10.00",".227","2.500","53.33","46.67",".667","0","20.00","20.00","60.00",".467",".222","0","0","-","-","-","0","0","-","-","-","0","0","-","-","-","0","0","-","-","-","0","0","-","-","-","0","0","-","-","-","0","0","0","-","0","0","0","0.0","0","0","0-0","0","-","0","0"
"","Bassler","Bryan","2","3","3",".667",".667","1.333",".667","2","2","0","0","0","1","1","0","1","0","0","0","0","0","0","0","-","0","0","0","0.00","-",".000","66.67","0","0.00","50.00","50.00","1.000","1.000","0","1","0","2","15","5.000","0","0.00","0","0.00","-","0","0","0","0.0","0","0","0","0","0","0","0","0","0","0.00","0","0","0","0","0","0","0",".000",".000","0","0","0","0","0","0.00","0",".000","N/A","N/A","N/A","N/A","N/A","N/A","0.0",".000","0.00","0","0","0","0",".000","0.00","0.00","0.00","0.00","0.00",".000","0","0","0","0","0.00",".000",".000","0.00","0.00",".000","0","0.00","0.00","0.00",".000",".000","0","0","0.00","0.00","0.00","0","0","0.00","0.00","0.00","0","0","0.00","0.00","0.00","0","0","0.00","0.00","0.00","0","0","0.00","0.00","0.00","0","0","0.00","0.00","0.00","4","0","3",".750","1","0","0","0.0","0","0","0-0","0","-","0","0"
"","Proctor","Caden","8","31","23",".130",".323",".496",".174","3","2","1","0","0","2","8","5","5","1","2","0","1","2","1","2","100.0","0","0","19","61.29","6.2","1.000","78.26","5","10.53","52.63","36.84",".158",".167","10","1","1","4","139","4.484","5","16.13","10","32.26","-","0","0","0","0.0","0","0","0","0","0","0","0","0","0","0.00","0","0","0","0","0","0","0",".000",".000","0","0","0","0","0","0.00","0",".000","N/A","N/A","N/A","N/A","N/A","N/A","0.0",".000","0.00","0","0","0","0",".000","0.00","0.00","0.00","0.00","0.00",".000","0","0","0","0","0.00",".000",".000","0.00","0.00",".000","0","0.00","0.00","0.00",".000",".000","0","0","0.00","0.00","0.00","0","0","0.00","0.00","0.00","0","0","0.00","0.00","0.00","0","0","0.00","0.00","0.00","0","0","0.00","0.00","0.00","0","0","0.00","0.00","0.00","13","0","12",".923","1","0","0","0.0","0","0","0-0","0","-","0","0"
"","Silverio","Colby","1","1","1","1.000","1.000","2.000","1.000","1","1","0","0","0","1","0","0","0","0","0","0","0","0","0","0","-","0","0","1","100.0","-",".000","100.0","1","100.0","0.00","0.00","1.000","1.000","0","0","0","1","2","2.000","0","0.00","0","0.00","-","0","0","0","0.0","0","0","0","0","0","0","0","0","0","0.00","0","0","0","0","0","0","0",".000",".000","0","0","0","0","0","0.00","0",".000","N/A","N/A","N/A","N/A","N/A","N/A","0.0",".000","0.00","0","0","0","0",".000","0.00","0.00","0.00","0.00","0.00",".000","0","0","0","0","0.00",".000",".000","0.00","0.00",".000","0","0.00","0.00","0.00",".000",".000","0","0","0.00","0.00","0.00","0","0","0.00","0.00","0.00","0","0","0.00","0.00","0.00","0","0","0.00","0.00","0.00","0","0","0.00","0.00","0.00","0","0","0.00","0.00","0.00","0","0","0",".000","0","0","0","0.0","0","0","0-0","0","0.00","0","0"
"","Polott","Daniel","0","0","0",".000",".000",".000",".000","0","0","0","0","0","0","0","0","0","0","0","0","0","0","0","0","0.00","0","0","0","0.00","0.0",".000","0.00","0","0.00","0.00","0.00",".000",".000","0","0","0","0","0",".000","0","0.00","0","0.00","0.0","0","0","0","7.2","4","2","40","148","0","0","0","0","0","-","10","12","8","4","9","1","0","9.391","1.826","4","0","0","0","2","100.0","2",".278","N/A","N/A","N/A","N/A","N/A","N/A","19.3","3.700","52.50","7","5","3","3","3.564","64.86","62.50","68.00","4.00","28.00",".522","6","3","1","1","12.16",".225","2.250","70.37","29.63","1.333","1","14.81","33.33","51.85",".346",".364","0","0","-","-","-","0","0","-","-","-","0","0","-","-","-","0","0","-","-","-","0","0","-","-","-","0","0","-","-","-","0","0","0","-","0","0","0","0.0","0","0","0-0","0","-","0","0"
"","Jones","Finn","3","7","6",".000",".143",".143",".000","0","0","0","0","0","0","0","1","1","0","0","0","0","1","1","0","-","0","0","4","57.14","7.0","1.000","83.33","0","0.00","0.00","100.0",".000",".000","4","0","0","0","31","4.429","3","42.86","2","28.57","-","0","0","0","1.0","1","0","7","26","0","0","0","0","0","-","3","2","2","1","2","1","0","18.00","4.000","2","0","0","0","1","100.0","0",".500","N/A","N/A","N/A","N/A","N/A","N/A","26.0","3.714","57.14","0","0","0","0","1.310","69.23","100.0","42.86","14.29","42.86","1.000","0","1","1","1","3.85",".286","2.000","50.00","50.00",".000","0","50.00","50.00","0.00",".750",".400","0","0","-","-","-","0","0","-","-","-","0","0","-","-","-","0","0","-","-","-","0","0","-","-","-","0","0","-","-","-","2","0","1",".500","1","0","0","0.0","0","0","0-0","0","-","0","0"
"","Thomas","Gavin","9","29","22",".227",".414",".687",".273","5","4","1","0","0","2","4","6","4","1","1","0","0","1","0","3","100.0","0","0","17","58.62","4.8","1.500","81.82","6","22.22","33.33","38.89",".278",".333","4","0","1","6","112","3.862","7","24.14","6","20.69","-","0","0","0","0.0","0","0","0","0","0","0","0","0","0","0.00","0","0","0","0","0","0","0",".000",".000","0","0","0","0","0","0.00","0",".000","N/A","N/A","N/A","N/A","N/A","N/A","0.0",".000","0.00","0","0","0","0",".000","0.00","0.00","0.00","0.00","0.00",".000","0","0","0","0","0.00",".000",".000","0.00","0.00",".000","0","0.00","0.00","0.00",".000",".000","0","0","0.00","0.00","0.00","0","0","0.00","0.00","0.00","0","0","0.00","0.00","0.00","0","0","0.00","0.00","0.00","0","0","0.00","0.00","0.00","0","0","0.00","0.00","0.00","15","0","11",".733","4","0","0","0.0","0","0","0-0","0","-","0","0"
"","Klinger","Hunter","0","0","0",".000",".000",".000",".000","0","0","0","0","0","0","0","0","0","0","0","0","0","0","0","0","0.00","0","0","0","0.00","0.0",".000","0.00","0","0.00","0.00","0.00",".000",".000","0","0","0","0","0",".000","0","0.00","0","0.00","0.0","0","0","0","4.0","3","0","17","59","0","0","0","0","0","-","2","2","1","3","4","2","0","2.250","1.250","3","0","0","0","0","-","1",".143","N/A","N/A","N/A","N/A","N/A","N/A","14.8","3.471","47.06","2","2","2","2","3.087","62.71","64.71","81.82","0.00","18.18",".750","2","2","1","1","11.86",".235","1.333","80.00","20.00","2.500","0","0.00","20.00","80.00",".200",".200","0","0","-","-","-","0","0","-","-","-","0","0","-","-","-","0","0","-","-","-","0","0","-","-","-","0","0","-","-","-","1","0","1","1.000","0","0","0","0.0","0","0","0-0","0","-","0","0"
"","Wainwright","Jackson","1","1","0","-","1.000","1.000","-","0","0","0","0","0","1","0","0","0","0","1","0","0","0","0","0","-","0","0","1","100.0","-",".000","-","0","-","-","-","-","-","0","1","0","0","7","7.000","1","100.0","1","100.0","-","0","0","0","0.0","0","0","0","0","0","0","0","0","0","0.00","0","0","0","0","0","0","0",".000",".000","0","0","0","0","0","0.00","0",".000","N/A","N/A","N/A","N/A","N/A","N/A","0.0",".000","0.00","0","0","0","0",".000","0.00","0.00","0.00","0.00","0.00",".000","0","0","0","0","0.00",".000",".000","0.00","0.00",".000","0","0.00","0.00","0.00",".000",".000","0","0","0.00","0.00","0.00","0","0","0.00","0.00","0.00","0","0","0.00","0.00","0.00","0","0","0.00","0.00","0.00","0","0","0.00","0.00","0.00","0","0","0.00","0.00","0.00","5","0","5","1.000","0","0","0","2.0","0","2","2-2","0","0.00","0","0"
"","Kim","Jay","0","0","0",".000",".000",".000",".000","0","0","0","0","0","0","0","0","0","0","0","0","0","0","0","0","0.00","0","0","0","0.00","0.0",".000","0.00","0","0.00","0.00","0.00",".000",".000","0","0","0","0","0",".000","0","0.00","0","0.00","0.0","0","0","0","1.2","2","0","11","36","0","0","0","0","0","-","4","5","4","1","1","1","0","21.60","3.000","1","0","0","0","2","100.0","0",".400","N/A","N/A","N/A","N/A","N/A","N/A","21.6","3.273","63.64","1","0","0","0","3.632","69.44","54.55","50.00","0.00","50.00",".600","1","1","0","0","2.78",".091","1.000","66.67","33.33","1.000","0","22.22","33.33","44.44",".444",".250","0","0","-","-","-","0","0","-","-","-","0","0","-","-","-","0","0","-","-","-","0","0","-","-","-","0","0","-","-","-","0","0","0","-","0","0","0","0.0","0","0","0-0","0","-","0","0"
"","Liebreich","Jojo","1","2","2",".500",".500","1.000",".500","1","1","0","0","0","0","0","0","0","0","0","0","0","0","0","0","-","0","0","1","50.00","-",".000","100.0","1","50.00","0.00","50.00",".500","1.000","0","0","0","1","6","3.000","0","0.00","0","0.00","-","0","0","0","0.1","1","0","4","12","0","0","0","0","0","-","2","0","0","1","0","0","0",".000","9.000","3","0","0","0","0","-","0",".667","N/A","N/A","N/A","N/A","N/A","N/A","36.0","3.000","75.00","0","0","0","0","13.19","50.00","75.00","33.33","33.33","33.33","3.000","0","0","0","0","8.33",".000",".000","33.33","66.67",".000","0","0.00","33.33","66.67",".667",".667","0","0","-","-","-","0","0","-","-","-","0","0","-","-","-","0","0","-","-","-","0","0","-","-","-","0","0","-","-","-","1","0","1","1.000","0","0","0","0.0","0","0","0-0","0","-","0","0"
"","Feist","Josh","1","4","3","1.000","1.000","2.000","1.000","3","3","0","0","0","3","2","1","0","0","0","0","0","0","0","1","100.0","0","0","3","75.00","4.0",".000","100.0","2","66.67","33.33","0.00","1.000","1.000","0","2","0","3","17","4.250","1","25.00","2","50.00","-","0","0","0","0.0","0","0","0","0","0","0","0","0","0","0.00","0","0","0","0","0","0","0",".000",".000","0","0","0","0","0","0.00","0",".000","N/A","N/A","N/A","N/A","N/A","N/A","0.0",".000","0.00","0","0","0","0",".000","0.00","0.00","0.00","0.00","0.00",".000","0","0","0","0","0.00",".000",".000","0.00","0.00",".000","0","0.00","0.00","0.00",".000",".000","0","0","0.00","0.00","0.00","0","0","0.00","0.00","0.00","0","0","0.00","0.00","0.00","0","0","0.00","0.00","0.00","0","0","0.00","0.00","0.00","0","0","0.00","0.00","0.00","0","0","0","-","0","0","0","0.0","0","0","0-0","0","-","0","0"
"","Baeringer","Laith","3","5","4",".250",".400",".900",".500","1","0","1","0","0","1","2","1","3","3","0","0","0","0","0","0","-","0","0","3","60.00","5.0",".333","25.00","0","0.00","100.0","0.00","1.000",".000","3","0","1","2","19","3.800","1","20.00","1","20.00","-","0","0","0","0.0","0","0","0","0","0","0","0","0","0","0.00","0","0","0","0","0","0","0",".000",".000","0","0","0","0","0","0.00","0",".000","N/A","N/A","N/A","N/A","N/A","N/A","0.0",".000","0.00","0","0","0","0",".000","0.00","0.00","0.00","0.00","0.00",".000","0","0","0","0","0.00",".000",".000","0.00","0.00",".000","0","0.00","0.00","0.00",".000",".000","0","0","0.00","0.00","0.00","0","0","0.00","0.00","0.00","0","0","0.00","0.00","0.00","0","0","0.00","0.00","0.00","0","0","0.00","0.00","0.00","0","0","0.00","0.00","0.00","14","0","14","1.000","0","0","0","11.0","3","9","9-9","0","0.00","0","0"
"","Joyce","Logan","3","12","9",".222",".417",".861",".444","2","1","0","1","0","1","4","2","3","2","1","0","0","0","2","1","100.0","0","0","3","25.00","6.0",".667","66.67","0","0.00","66.67","33.33",".333",".333","8","0","1","4","41","3.417","0","0.00","1","8.33","-","0","0","0","0.0","0","0","0","0","0","0","0","0","0","0.00","0","0","0","0","0","0","0",".000",".000","0","0","0","0","0","0.00","0",".000","N/A","N/A","N/A","N/A","N/A","N/A","0.0",".000","0.00","0","0","0","0",".000","0.00","0.00","0.00","0.00","0.00",".000","0","0","0","0","0.00",".000",".000","0.00","0.00",".000","0","0.00","0.00","0.00",".000",".000","0","0","0.00","0.00","0.00","0","0","0.00","0.00","0.00","0","0","0.00","0.00","0.00","0","0","0.00","0.00","0.00","0","0","0.00","0.00","0.00","0","0","0.00","0.00","0.00","3","0","3","1.000","0","0","0","0.0","0","0","0-0","0","-","0","0"
"","Wachino","Luke","3","0","0","-","-",".000","-","0","0","0","0","0","0","3","0","0","0","0","0","0","0","0","1","100.0","0","0","0","-","-",".000","-","0","-","-","-","-","-","0","0","0","0","0","-","0","-","0","-","-","0","0","0","0.0","0","0","0","0","0","0","0","0","0","0.00","0","0","0","0","0","0","0",".000",".000","0","0","0","0","0","0.00","0",".000","N/A","N/A","N/A","N/A","N/A","N/A","0.0",".000","0.00","0","0","0","0",".000","0.00","0.00","0.00","0.00","0.00",".000","0","0","0","0","0.00",".000",".000","0.00","0.00",".000","0","0.00","0.00","0.00",".000",".000","0","0","0.00","0.00","0.00","0","0","0.00","0.00","0.00","0","0","0.00","0.00","0.00","0","0","0.00","0.00","0.00","0","0","0.00","0.00","0.00","0","0","0.00","0.00","0.00","0","0","0","-","0","0","0","0.0","0","0","0-0","0","-","0","0"
"","Zeff","Luke","0","0","0",".000",".000",".000",".000","0","0","0","0","0","0","0","0","0","0","0","0","0","0","0","0","0.00","0","0","0","0.00","0.0",".000","0.00","0","0.00","0.00","0.00",".000",".000","0","0","0","0","0",".000","0","0.00","0","0.00","0.0","0","0","0","1.2","2","0","12","45","0","0","0","0","0","-","4","6","3","1","1","1","1","16.20","3.000","3","1","0","0","2","100.0","1",".400","N/A","N/A","N/A","N/A","N/A","N/A","27.0","3.750","41.67","0","0","0","0","5.630","64.44","58.33","42.86","0.00","42.86",".600","1","1","0","0","6.67",".083","1.000","55.56","44.44",".000","0","44.44","44.44","11.11",".444",".500","0","0","-","-","-","0","0","-","-","-","0","0","-","-","-","0","0","-","-","-","0","0","-","-","-","0","0","-","-","-","0","0","0","-","0","0","0","0.0","0","0","0-0","0","-","0","0"
"","Rulli","Matt","3","7","5",".000",".143",".143",".000","0","0","0","0","0","2","1","1","1","1","0","0","1","0","1","0","-","0","0","2","28.57","7.0","1.000","80.00","0","0.00","20.00","80.00",".000",".000","4","0","0","0","25","3.571","0","0.00","1","14.29","-","0","0","0","0.0","0","0","0","0","0","0","0","0","0","0.00","0","0","0","0","0","0","0",".000",".000","0","0","0","0","0","0.00","0",".000","N/A","N/A","N/A","N/A","N/A","N/A","0.0",".000","0.00","0","0","0","0",".000","0.00","0.00","0.00","0.00","0.00",".000","0","0","0","0","0.00",".000",".000","0.00","0.00",".000","0","0.00","0.00","0.00",".000",".000","0","0","0.00","0.00","0.00","0","0","0.00","0.00","0.00","0","0","0.00","0.00","0.00","0","0","0.00","0.00","0.00","0","0","0.00","0.00","0.00","0","0","0.00","0.00","0.00","1","0","1","1.000","0","0","0","0.0","0","0","0-0","0","-","0","0"
"","Garrigen","Nick","6","16","16",".000",".000",".000",".000","0","0","0","0","0","0","0","0","8","5","0","0","0","1","1","0","-","0","0","4","25.00","-",".000","50.00","1","12.50","37.50","50.00",".000",".000","16","0","0","0","52","3.250","3","18.75","2","12.50","-","0","0","0","0.0","0","0","0","0","0","0","0","0","0","0.00","0","0","0","0","0","0","0",".000",".000","0","0","0","0","0","0.00","0",".000","N/A","N/A","N/A","N/A","N/A","N/A","0.0",".000","0.00","0","0","0","0",".000","0.00","0.00","0.00","0.00","0.00",".000","0","0","0","0","0.00",".000",".000","0.00","0.00",".000","0","0.00","0.00","0.00",".000",".000","0","0","0.00","0.00","0.00","0","0","0.00","0.00","0.00","0","0","0.00","0.00","0.00","0","0","0.00","0.00","0.00","0","0","0.00","0.00","0.00","0","0","0.00","0.00","0.00","41","2","39","1.000","0","0","0","33.1","10","13","13-14","1","7.14","0","0"
"","Wolk","Oliver","1","3","3",".333",".333",".667",".333","1","1","0","0","0","1","1","0","2","1","0","0","0","0","0","0","-","0","0","2","66.67","-",".000","33.33","1","100.0","0.00","0.00","1.000",".333","4","0","0","1","13","4.333","1","33.33","0","0.00","-","0","0","0","0.0","0","0","0","0","0","0","0","0","0","0.00","0","0","0","0","0","0","0",".000",".000","0","0","0","0","0","0.00","0",".000","N/A","N/A","N/A","N/A","N/A","N/A","0.0",".000","0.00","0","0","0","0",".000","0.00","0.00","0.00","0.00","0.00",".000","0","0","0","0","0.00",".000",".000","0.00","0.00",".000","0","0.00","0.00","0.00",".000",".000","0","0","0.00","0.00","0.00","0","0","0.00","0.00","0.00","0","0","0.00","0.00","0.00","0","0","0.00","0.00","0.00","0","0","0.00","0.00","0.00","0","0","0.00","0.00","0.00","0","0","0",".000","0","0","0","0.0","0","0","0-0","0","0.00","0","0"
"","Lilley","Owen","1","2","1",".000",".500",".500",".000","0","0","0","0","0","0","0","1","1","1","0","0","0","0","0","0","-","0","0","1","50.00","2.0","1.000","0.00","0","-","-","-","-","-","0","0","0","0","8","4.000","0","0.00","0","0.00","-","0","0","0","0.0","0","0","0","0","0","0","0","0","0","0.00","0","0","0","0","0","0","0",".000",".000","0","0","0","0","0","0.00","0",".000","N/A","N/A","N/A","N/A","N/A","N/A","0.0",".000","0.00","0","0","0","0",".000","0.00","0.00","0.00","0.00","0.00",".000","0","0","0","0","0.00",".000",".000","0.00","0.00",".000","0","0.00","0.00","0.00",".000",".000","0","0","0.00","0.00","0.00","0","0","0.00","0.00","0.00","0","0","0.00","0.00","0.00","0","0","0.00","0.00","0.00","0","0","0.00","0.00","0.00","0","0","0.00","0.00","0.00","6","0","4",".667","2","0","0","2.1","1","1","1-1","0","0.00","0","0"
"","Guterl","Patrick","1","2","1",".000",".500",".500",".000","0","0","0","0","0","0","0","1","0","0","0","0","0","1","0","0","0.00","1","0","2","100.0","2.0",".000","100.0","1","0.00","0.00","100.0",".000","-","1","0","0","0","10","5.000","1","50.00","1","50.00","-","0","0","0","0.0","0","0","0","0","0","0","0","0","0","0.00","0","0","0","0","0","0","0",".000",".000","0","0","0","0","0","0.00","0",".000","N/A","N/A","N/A","N/A","N/A","N/A","0.0",".000","0.00","0","0","0","0",".000","0.00","0.00","0.00","0.00","0.00",".000","0","0","0","0","0.00",".000",".000","0.00","0.00",".000","0","0.00","0.00","0.00",".000",".000","0","0","0.00","0.00","0.00","0","0","0.00","0.00","0.00","0","0","0.00","0.00","0.00","0","0","0.00","0.00","0.00","0","0","0.00","0.00","0.00","0","0","0.00","0.00","0.00","2","1","1","1.000","0","0","0","0.0","0","0","0-0","0","-","0","0"
"","Greenwald","Riley","2","5","3",".333",".600",".933",".333","1","1","0","0","0","2","1","1","0","0","1","0","0","0","0","0","-","0","0","1","20.00","5.0",".000","100.0","0","0.00","33.33","66.67",".333",".500","3","2","0","1","16","3.200","0","0.00","0","0.00","-","0","0","0","0.0","0","0","0","0","0","0","0","0","0","0.00","0","0","0","0","0","0","0",".000",".000","0","0","0","0","0","0.00","0",".000","N/A","N/A","N/A","N/A","N/A","N/A","0.0",".000","0.00","0","0","0","0",".000","0.00","0.00","0.00","0.00","0.00",".000","0","0","0","0","0.00",".000",".000","0.00","0.00",".000","0","0.00","0.00","0.00",".000",".000","0","0","0.00","0.00","0.00","0","0","0.00","0.00","0.00","0","0","0.00","0.00","0.00","0","0","0.00","0.00","0.00","0","0","0.00","0.00","0.00","0","0","0.00","0.00","0.00","0","0","0","-","0","0","0","0.0","0","0","0-0","0","-","0","0"
"","Sanner","Seb","8","26","21",".238",".385",".623",".238","5","5","0","0","0","2","4","3","4","2","2","0","0","1","2","4","100.0","0","0","12","46.15","8.7",".750","80.95","6","17.65","23.53","58.82",".294",".200","12","2","0","5","92","3.538","5","19.23","5","19.23","-","0","0","0","0.0","0","0","0","0","0","0","0","0","0","0.00","0","0","0","0","0","0","0",".000",".000","0","0","0","0","0","0.00","0",".000","N/A","N/A","N/A","N/A","N/A","N/A","0.0",".000","0.00","0","0","0","0",".000","0.00","0.00","0.00","0.00","0.00",".000","0","0","0","0","0.00",".000",".000","0.00","0.00",".000","0","0.00","0.00","0.00",".000",".000","0","0","0.00","0.00","0.00","0","0","0.00","0.00","0.00","0","0","0.00","0.00","0.00","0","0","0.00","0.00","0.00","0","0","0.00","0.00","0.00","0","0","0.00","0.00","0.00","18","8","8",".889","2","2","0","0.0","0","0","0-0","0","-","0","0"
"","Benson","Thomas","4","13","10",".400",".538",".938",".400","4","4","0","0","0","4","3","2","2","2","1","0","0","0","1","2","100.0","0","0","8","61.54","6.5","1.000","80.00","5","25.00","0.00","75.00",".500",".600","3","3","0","4","47","3.615","4","30.77","3","23.08","-","0","0","0","0.0","0","0","0","0","0","0","0","0","0","0.00","0","0","0","0","0","0","0",".000",".000","0","0","0","0","0","0.00","0",".000","N/A","N/A","N/A","N/A","N/A","N/A","0.0",".000","0.00","0","0","0","0",".000","0.00","0.00","0.00","0.00","0.00",".000","0","0","0","0","0.00",".000",".000","0.00","0.00",".000","0","0.00","0.00","0.00",".000",".000","0","0","0.00","0.00","0.00","0","0","0.00","0.00","0.00","0","0","0.00","0.00","0.00","0","0","0.00","0.00","0.00","0","0","0.00","0.00","0.00","0","0","0.00","0.00","0.00","2","1","1","1.000","0","0","0","0.0","0","0","0-0","0","-","0","0"
"","Prendergast","Tyler","6","15","12",".083",".267",".350",".083","1","1","0","0","0","0","3","0","3","1","3","0","0","0","1","0","-","0","0","5","33.33","-",".000","75.00","2","11.11","55.56","33.33",".111",".000","10","0","0","1","53","3.533","1","6.67","2","13.33","-","0","0","0","0.0","0","0","0","0","0","0","0","0","0","0.00","0","0","0","0","0","0","0",".000",".000","0","0","0","0","0","0.00","0",".000","N/A","N/A","N/A","N/A","N/A","N/A","0.0",".000","0.00","0","0","0","0",".000","0.00","0.00","0.00","0.00","0.00",".000","0","0","0","0","0.00",".000",".000","0.00","0.00",".000","0","0.00","0.00","0.00",".000",".000","0","0","0.00","0.00","0.00","0","0","0.00","0.00","0.00","0","0","0.00","0.00","0.00","0","0","0.00","0.00","0.00","0","0","0.00","0.00","0.00","0","0","0.00","0.00","0.00","4","0","4","1.000","0","0","0","0.0","0","0","0-0","0","-","0","0"
"Totals","","","11","352","293",".222",".347",".599",".253","65","58","5","2","0","45","59","43","73","39","14","0","2","17","15","23","95.83","1","0","161","45.74","8.2",".589","75.09","61","17.57","32.43","49.55",".293",".283","70","19","7","74","1303","3.702","49","13.92","64","18.18","-","3","0","0","73.0","11","11","366","1420","0","0","0","0","0","-","86","71","44","46","99","39","7","5.425","1.808","76","1","3","1","42","97.67","17",".277","N/A","N/A","N/A","N/A","N/A","N/A","19.5","3.880","42.08","46","26","16","22","2.256","60.14","57.10","66.99","4.78","26.32",".630","45","19","9","5","10.92",".270","2.152","66.05","33.95",".909","1","21.86","29.77","47.89",".401",".282","0","0","-","-","-","0","0","-","-","-","0","0","-","-","-","0","0","-","-","-","0","0","-","-","-","0","0","-","-","-","292","49","219",".918","24","6","0","73.0","15","42","42-43","1","2.33","0","0"
"","","","","","","","","","","","","","","","","","","","","","","","","","","","","","","","","","","","","","","","","","","","","","","","","","","","","","","","","","","","","","","","","","","","","","","","","","","","","","","","","","","","","","","","","","","","","","","","","","","","","","","","","","","","","","","","","","","","","","","","","","","","","","","","","","","","","","","","","","","","","","","","","","","","","","","","","","","","","","","","","","",""
"Glossary","","","GP=Games played","PA=Plate appearances","AB=At bats","AVG=Batting average","OBP=On-base percentage","OPS=On-base percentage plus slugging percentage","SLG=Slugging percentage","H=Hits","1B=Singles","2B=Doubles","3B=Triples","HR=Home runs","RBI=Runs batted in","R=Runs scored","BB=Base on balls (walks)","SO=Strikeouts","K-L=Strikeouts looking","HBP=Hit by pitch","SAC=Sacrifice hits & bunts","SF=Sacrifice flies","ROE=Reached on error","FC=Hit into fielder's choice","SB=Stolen bases","SB%=Stolen base percentage","CS=Caught stealing","PIK=Picked off","QAB=Quality at bats (any one of: 3 pitches after 2 strikes, 6+ pitch ABs, XBH, HHB, BB, SAC Bunt, SAC Fly)","QAB%=Quality at bats per plate appearance","PA/BB=Plate appearances per walk","BB/K=Walks per strikeout","C%=Contact percentage/Contact rate: AB-K/AB","HHB=Hard hit balls: Total line drives and hard ground balls","LD%=Line drive percentage","FB%=Fly ball percentage","GB%=Ground ball percentage","BABIP=Batting average on balls in play","BA/RISP=Batting average with runners in scoring position","LOB=Runners left on base","2OUTRBI=2-out RBI","XBH=Extra-base hits","TB=Total bases","PS=Pitches seen","PS/PA=Pitches seen per plate appearance","2S+3=Plate appearances in which batter sees 3+ pitches after 2 strikes","2S+3%=% of plate appearances in which batter sees 3+ pitches after 2 strikes","6+=Plate appearances with 6+ pitches","6+%=% of plate appearances of 6+ pitches","AB/HR=At bats per home run","GIDP=Hit into double play","GITP=Hit into triple play","CI=Batter advances on catcher's interference","IP=Innings pitched","","GS=Games started","BF=Total batters faced","#P=Total pitches","W=Wins","L=Losses","SV=Saves","SVO=Save opportunities","BS=Blown saves","SV%=Save percentage","H=Hits allowed","R=Runs allowed","ER=Earned runs allowed","BB=Base on balls (walks)","SO=Strikeouts","K-L=Strikeouts looking","HBP=Hit batters","ERA=Earned run average","WHIP=Walks plus hits per innings pitched","LOB=Runners left on base","BK=Balks","PIK=Runners picked off","CS=Runners caught stealing","SB=Stolen bases allowed","SB%=Stolen bases allowed percentage","WP=Wild pitches","BAA=Opponent batting average","MPHFB=Fastball average velocity","MPHCT=Cutter average velocity","MPHCB=Curveball average velocity","MPHSL=Slider average velocity","MPHCH=Changeup average velocity","MPHOS=Offspeed average velocity","P/IP=Pitches per inning","P/BF=Pitches per batter faced","<3%=% of batters on or out in three pitches or less","LOO=Leadoff out (1st batter of inning)","1ST2OUT=Innings with 1st 2 batters out","123INN=1-2-3 Innings","<13=Innings of 13 pitches or fewer","FIP=Fielding Independent Pitching","S%=Strike percentage","FPS%=First pitch strike percentage","FPSO%=% of FPS at-bats that result in an out","FPSW%=% of FPS at-bats that result in a walk","FPSH%=% of FPS at-bats that result in a hit","BB/INN=Walks per inning","0BBINN=Zero-walk innings","BBS=Walks that score","LOBB=Leadoff walk (1st batter of inning)","LOBBS=Leadoff walk that scored (1st batter of inning)","SM%=% of total pitches that are swings and misses","K/BF=Strikeouts per batter faced","K/BB=Strikeouts per walk","WEAK%=% of batted balls weakly hit (fly balls and ground balls)","HHB%=% of batted balls that are line drives or hard ground balls","GO/AO=Ratio of ground outs to air outs","HR=Home runs allowed","LD%=Line drive percentage","FB%=Fly ball percentage","GB%=% of all batted balls hit on the ground","BABIP=Opponent batting average on balls in play","BA/RISP=Opponent batting average with runners in scoring position","FB=Number of pitches thrown as Fastballs","FBS=Number of Fastballs thrown for strikes","FBS%=Percentage of Fastballs thrown for strikes","FBSW%=Percentage of Fastballs swung at","FBSM%=Percentage of Fastballs swung at and missed","CT=Number of pitches thrown as Cutters","CTS=Number of Cutters thrown for strikes","CTS%=Percentage of Cutters thrown for strikes","CTSW%=Percentage of Cutters swung at","CTSM%=Percentage of Cutters swung at and missed","CB=Number of pitches thrown as Curveballs","CBS=Number of Curveballs thrown for strikes","CBS%=Percentage of Curveballs thrown for strikes","CBSW%=Percentage of Curveballs swung at","CBSM%=Percentage of Curveballs swung at and missed","SL=Number of pitches thrown as Sliders","SLS=Number of Sliders thrown for strikes","SLS%=Percentage of Sliders thrown for strikes","SLSW%=Percentage of Sliders swung at","SLSM%=Percentage of Sliders swung at and missed","CH=Number of pitches thrown as Changeups","CHS=Number of Changeups thrown for strikes","CHS%=Percentage of Changeups thrown for strikes","CHSW%=Percentage of Changeups swung at","CHSM%=Percentage of Changeups swung at and missed","OS=Number of pitches thrown as Offspeeds","OSS=Number of Offspeeds thrown for strikes","OSS%=Percentage of Offspeeds thrown for strikes","OSSW%=Percentage of Offspeeds swung at","OSSM%=Percentage of Offspeeds swung at and missed","TC=Total Chances","A=Assists","PO=Putouts","FPCT=Fielding Percentage","E=Errors","DP=Double Plays","TP=Triple Plays","INN=Innings played as catcher","PB=Passed balls allowed","SB=Stolen bases allowed","SB-ATT=Stolen bases - Stealing attempts","CS=Runners caught stealing","CS%=Runners caught stealing percentage","PIK=Runners picked off","CI=Batter advances on catcher's interference"